PCC,Round,Source,PCC Check,FEN_Loc,FEN,DEC_Loc,DEC,Logged,Notes
FHVPY,20,qUCB,Yes,cds3,Yes,cds3,Yes,Yes,Filtered W and Y
GFHVY,20,qUCB,Yes,cds3,Yes,cds3,Yes,Yes,Filtered W and Y
HHWTW,20,qUCB,Yes,cds3,Yes,cds3,Yes,Yes,Filtered W and Y
FTFGF,20,qNHVEI,Yes,cds3,Yes,cds3,Yes,Yes,Filtered W and Y
FTHGF,20,qNHVEI,Yes,cds3,Yes,cds3,Yes,Yes,Filtered W and Y
FTTGF,20,qNHVEI,Yes,cds3,Yes,cds3,Yes,Yes,Filtered W and Y
HTFHE,19,qNHVEI,Yes,cds3,Yes,cds3,Yes,Yes,Filtered W and Y
NFHVH,19,qNHVEI,Yes,cds3,Yes,cds3,Yes,Yes,Filtered W and Y
HFHNT,19,qNHVEI,Yes,cds3,Yes,cds3,Yes,Yes,Filtered W and Y
YTLYP,19,qUCB,Yes,cds3,Yes,cds3,Yes,Yes,Filtered W and Y
GGAPY,19,qUCB,Yes,cds3,Yes,cds3,Yes,Yes,Filtered W and Y
GGAGY,19,qUCB,Yes,cds3,Yes,cds3,Yes,Yes,Filtered W and Y
YYHHT,18,qNHVEI,Yes,cds3,Yes,cds3,Yes,Yes,Filtered W
YGLHT,18,qNHVEI,Yes,cds3,Yes,cds3,Yes,Yes,Filtered W
YTVHT,18,qNHVEI,Yes,cds3,Yes,cds3,Yes,Yes,Filtered W
GGAGT,18,qUCB,Yes,cds3,Yes,cds3,Yes,Yes,Filtered W
GGTGP,18,qUCB,Yes,cds3,Yes,cds3,Yes,Yes,Filtered W
GGAGE,18,qUCB,Yes,cds3,Yes,cds3,Yes,Yes,Filtered W
GAGNG,17,qUCB,Yes,cds3,Yes,cds3,Yes,Yes,Filtered W
GGNGP,17,qUCB,Yes,cds3,Yes,cds3,Yes,Yes,Filtered W
GGAGS,17,qUCB,Yes,cds3,Yes,cds3,Yes,Yes,Filtered W
YTYVH,17,qNHVEI,Yes,cds3,Yes,cds3,Yes,Yes,Filtered W
YTYKY,17,qNHVEI,Yes,cds3,Yes,cds3,Yes,Yes,Filtered W
YTYHT,17,qNHVEI,Yes,cds3,Yes,cds3,Yes,Yes,Filtered W
FTWWE,16,qUCB,Yes,cds3,Yes,cds3,Yes,Yes,Filtered W
FTYWD,16,qUCB,Yes,cds3,Yes,cds3,Yes,Yes,Filtered W
FGWWE,16,qUCB,Yes,cds3,Yes,cds3,Yes,Yes,Filtered W
YNAHT,16,qNHVEI,Yes,cds3,Yes,cds3,Yes,Yes,Filtered W
YNANY,16,qNHVEI,Yes,cds3,Yes,cds3,Yes,Yes,Filtered W
YNAYY,16,qNHVEI,Yes,cds3,Yes,cds3,Yes,Yes,Filtered W
YNAWW,15,qNHVEI,Yes,cds3,Yes,cds3,Yes,Yes,
LGAWW,15,qNHVEI,Yes,cds3,Yes,cds3,Yes,Yes,
YGVWW,15,qNHVEI,Yes,cds3,Yes,cds3,Yes,Yes,
GGAGW,15,qUCB,Yes,cds3,Yes,cds3,Yes,Yes,
GAAGG,15,qUCB,Yes,cds3,Yes,cds3,Yes,Yes,
GGAGD,15,qUCB,Yes,cds3,Yes,cds3,Yes,Yes,
LSAWY,14,qNHVEI,Yes,cds3,Yes,cds3,Yes,Yes,
YGAWW,14,qNHVEI,Yes,cds3,Yes,cds3,Yes,Yes,
HWAWY,14,qNHVEI,Yes,cds3,Yes,cds3,Yes,Yes,
GGWPG,14,qUCB,Yes,cds3,Yes,cds3,Yes,Yes,
GGAGN,14,qUCB,Yes,cds3,Yes,cds3,Yes,Yes,
GGAGP,14,qUCB,Yes,cds3,Yes,cds3,Yes,Yes,
GGANA,13,qUCB,Yes,cds3,Yes,cds3,Yes,Yes,
AGADG,13,qUCB,Yes,cds3,Yes,cds3,Yes,Yes,
LGANG,13,qUCB,Yes,cds3,Yes,cds3,Yes,Yes,
YSWWW,13,qNHVEI,Yes,cds3,Yes,cds3,Yes,Yes,
NSAWW,13,qNHVEI,Yes,cds3,Yes,cds3,Yes,Yes,
YSAWW,13,qNHVEI,Yes,cds3,Yes,cds3,Yes,Yes,
GGVNG,12,qUCB,Yes,cds3,Yes,cds3,Yes,Yes,
AAANG,12,qUCB,Yes,cds3,Yes,cds3,Yes,Yes,
GSANG,12,qUCB,Yes,cds3,Yes,cds3,Yes,Yes,
YWGAW,12,qNHVEI,Yes,cds3,Yes,cds3,Yes,Yes,
YGFWW,12,qNHVEI,Yes,cds3,Yes,cds3,Yes,Yes,
WWGWY,12,qNHVEI,Yes,cds3,Yes,cds3,Yes,Yes,
PGWWW,11,qNHVEI,Yes,cds3,Yes,cds3,Yes,Yes,
FGWWW,11,qNHVEI,Yes,cds3,Yes,cds3,Yes,Yes,
WGWWW,11,qNHVEI,Yes,cds3,Yes,cds3,Yes,Yes,
AGANG,11,qUCB,Yes,cds3,Yes,cds3,Yes,Yes,
GAANG,11,qUCB,Yes,cds3,Yes,cds3,Yes,Yes,
GGADG,11,qUCB,Yes,cds3,Yes,cds3,Yes,Yes,
GGAWY,10,qUCB,Yes,cds3,Yes,cds3,Yes,Yes,
GGANG,10,qUCB,Yes,cds3,Yes,cds3,Yes,Yes,
GGAGG,10,qUCB,Yes,cds3,Yes,cds3,Yes,Yes,
YGWWE,10,qNHVEI,Yes,cds3,Yes,cds3,Yes,Yes,
YGWWT,10,qNHVEI,Yes,cds3,Yes,cds3,Yes,Yes,
HYGWW,10,qNHVEI,Yes,cds3,Yes,cds3,Yes,Yes,
GHGAG,9,qUCB,Yes,cds3,Yes,cds3,Yes,Yes,
GGAGA,9,qUCB,Yes,cds3,Yes,cds3,Yes,Yes,
FGAAG,9,qUCB,Yes,cds3,Yes,cds3,Yes,Yes,
YGWWW,9,qNHVEI,Yes,cds3,Yes,cds3,Yes,Yes,
HWGWW,9,qNHVEI,Yes,cds3,Yes,cds3,Yes,Yes,
HWYWT,9,qNHVEI,Yes,cds3,Yes,cds3,Yes,Yes,
GATWW,8,qUCB,Yes,cds3,Yes,cds3,Yes,Yes,
FWTWW,8,qUCB,Yes,cds3,Yes,cds3,Yes,Yes,
TWTWW,8,qUCB,Yes,cds3,Yes,cds3,Yes,Yes,
HWWWF,8,qNHVEI,Yes,cds3,Yes,cds3,Yes,Yes,
HWWWY,8,qNHVEI,Yes,cds3,Yes,cds3,Yes,Yes,
HWGHY,8,qNHVEI,Yes,cds3,Yes,cds3,Yes,Yes,
HHGGF,7,qUCB,Yes,cds3,Yes,cds3,Yes,Yes,
HGGGG,7,qUCB,Yes,cds3,Yes,cds3,Yes,Yes,
AGGGF,7,qUCB,Yes,cds3,Yes,cds3,Yes,Yes,
TWWWV,7,qNHVEI,Yes,cds3,Yes,cds3,Yes,Yes,
HWWWA,7,qNHVEI,Yes,cds3,Yes,cds3,Yes,Yes,
WHWWV,7,qNHVEI,Yes,cds3,Yes,cds3,Yes,Yes,
VVVVE,6,qUCB,Yes,cds3,Yes,cds3,Yes,Yes,
HGWVW,6,qNHVEI,Yes,cds3,Yes,cds3,Yes,Yes,
HGWYW,6,qNHVEI,Yes,cds3,Yes,cds3,Yes,Yes,
HGHWW,6,qNHVEI,Yes,cds3,Yes,cds3,Yes,Yes,
HWWWL,5,qNHVEI,Yes,cds3,Yes,cds3,Yes,Yes,
HPWWW,5,qNHVEI,Yes,cds3,Yes,cds3,Yes,Yes,
HWWTV,5,qNHVEI,Yes,cds3,Yes,cds3,Yes,Yes,
HWTWW,4,qNHVEI,Yes,cds3,Yes,cds3,Yes,Yes,
GWWTW,4,qNHVEI,Yes,cds3,Yes,cds3,Yes,Yes,
HGWWV,4,qNHVEI,Yes,cds3,Yes,cds3,Yes,Yes,
HWWWV,3,qNHVEI,Yes,cds3,Yes,cds3,Yes,Yes,
HGWWW,3,qNHVEI,Yes,cds3,Yes,cds3,Yes,Yes,
HWWTW,3,qNHVEI,Yes,cds3,Yes,cds3,Yes,Yes,
HWWWT,2,qNHVEI,Yes,cds3,Yes,cds3,Yes,Yes,
HNWWW,2,qNHVEI,Yes,cds3,Yes,cds3,Yes,Yes,
NHWWW,2,qNHVEI,Yes,cds3,Yes,cds3,Yes,Yes,
HYWWY,1,qNHVEI,Yes,cds3,Yes,cds3,Yes,Yes,
HWWLY,1,qNHVEI,Yes,cds3,Yes,cds3,Yes,Yes,
HWHWW,1,qNHVEI,Yes,cds3,Yes,cds3,Yes,Yes,
HETSV,0,qNHVEI,Yes,cds3,Yes,cds3,Yes,Yes,
HWWVH,0,qNHVEI,Yes,cds3,Yes,cds3,Yes,Yes,
HKHET,0,qNHVEI,Yes,cds3,Yes,cds3,Yes,Yes,
HHWWW,0,qNHVEI,Yes,cds3,Yes,cds3,Yes,Yes,
YHETS,0,qNHVEI,Yes,cds3,Yes,cds3,Yes,Yes,
HETHV,0,qNHVEI,Yes,cds3,Yes,cds3,Yes,Yes,
HWWWW,0,qNHVEI,Yes,cds3,Yes,cds3,Yes,Yes,
HHETS,0,qNHVEI,Yes,cds3,Yes,cds3,Yes,Yes,
WWYYT,0,qNHVEI,Yes,cds3,Yes,cds3,Yes,Yes,
WWWET,0,qNHVEI,Yes,cds3,Yes,cds3,Yes,Yes,
WWWWH,0,qNHVEI,Yes,cds3,Yes,cds3,Yes,Yes,
HYHET,0,qNHVEI,Yes,cds3,Yes,cds3,Yes,Yes,
PETTK,0,qNHVEI,Yes,cds3,Yes,cds3,Yes,Yes,
HETSK,0,qNHVEI,Yes,cds3,Yes,cds3,Yes,Yes,
PETSE,0,qNHVEI,Yes,cds3,Yes,cds3,Yes,Yes,
WWYHV,0,qNHVEI,Yes,cds3,Yes,cds3,Yes,Yes,
WWWWL,0,qNHVEI,Yes,cds3,Yes,cds3,Yes,Yes,
WWWWY,0,qNHVEI,Yes,cds3,Yes,cds3,Yes,Yes,
AGAGA,0,qNHVEI,Yes,cds3,Yes,cds3,Yes,Yes,
PETSK,0,qNHVEI,Yes,cds3,Yes,cds3,Yes,Yes,
PRWET,0,qNHVEI,Yes,cds3,Yes,cds3,Yes,Yes,
SKLYR,0,qNHVEI,Yes,cds3,Yes,cds3,Yes,Yes,
NRPAY,0,qNHVEI,Yes,cds3,Yes,cds3,Yes,Yes,
WVRSP,0,qNHVEI,Yes,cds3,Yes,cds3,Yes,Yes,
REYHA,0,qNHVEI,Yes,cds3,Yes,cds3,Yes,Yes,
AWPVN,0,qNHVEI,Yes,cds3,Yes,cds3,Yes,Yes,
PRHTS,0,qNHVEI,Yes,cds3,Yes,cds3,Yes,Yes,
TERPF,0,qNHVEI,Yes,cds3,Yes,cds3,Yes,Yes,
HHHHH,0,qNHVEI,Yes,cds3,Yes,cds3,Yes,Yes,
AAAAA,0,qNHVEI,Yes,cds3,Yes,cds3,Yes,Yes,
WWWWW,0,qNHVEI,Yes,cds3,Yes,cds3,Yes,Yes,
GGGGG,0,qNHVEI,Yes,cds3,Yes,cds3,Yes,Yes,
RAWGS,0,qNHVEI,Yes,cds3,Yes,cds3,Yes,Yes,
FDEGW,0,qNHVEI,Yes,cds3,Yes,cds3,Yes,Yes,
ASGWA,0,qNHVEI,Yes,cds3,Yes,cds3,Yes,Yes,
YADAL,0,qNHVEI,Yes,cds3,Yes,cds3,Yes,Yes,
YGGDL,0,qNHVEI,Yes,cds3,Yes,cds3,Yes,Yes,
GWGHG,0,qNHVEI,Yes,cds3,Yes,cds3,Yes,Yes,
GTGSG,0,qNHVEI,Yes,cds3,Yes,cds3,Yes,Yes,
GHASF,0,qNHVEI,Yes,cds3,Yes,cds3,Yes,Yes,
SGEGR,0,qNHVEI,Yes,cds3,Yes,cds3,Yes,Yes,
GRGFG,0,qNHVEI,Yes,cds3,Yes,cds3,Yes,Yes,
GHGGF,0,qNHVEI,Yes,cds3,Yes,cds3,Yes,Yes,
GGDEK,0,qNHVEI,Yes,cds3,Yes,cds3,Yes,Yes,
LGGNG,0,qNHVEI,Yes,cds3,Yes,cds3,Yes,Yes,
KGGED,0,qNHVEI,Yes,cds3,Yes,cds3,Yes,Yes,
FGGDG,0,qNHVEI,Yes,cds3,Yes,cds3,Yes,Yes,
YGYNT,,qNHVEI,No,,No,,No,No,
YGTYT,,qNHVEI,No,,No,,No,No,
YGYHE,,qNHVEI,No,,No,,No,No,